{"proxies":{"eu.rebelcorp.parse.ParseModule":{"superPackageName":"org.appcelerator.kroll","methods":{"unsubscribeChannel":{"runOnUiThread":false,"hasInvocation":false,"args":[{"converter":"org.appcelerator.kroll.KrollConverter","defaultValueProvider":"org.appcelerator.kroll.KrollConverter","name":"channel","optional":false,"sourceName":"channel","type":"java.lang.String"}],"apiName":"unsubscribeChannel","converter":"org.appcelerator.kroll.KrollConverter","defaultValueProvider":"org.appcelerator.kroll.KrollConverter","name":"__default_name__","returnType":"void"},"subscribeChannel":{"runOnUiThread":false,"hasInvocation":false,"args":[{"converter":"org.appcelerator.kroll.KrollConverter","defaultValueProvider":"org.appcelerator.kroll.KrollConverter","name":"channel","optional":false,"sourceName":"channel","type":"java.lang.String"}],"apiName":"subscribeChannel","converter":"org.appcelerator.kroll.KrollConverter","defaultValueProvider":"org.appcelerator.kroll.KrollConverter","name":"__default_name__","returnType":"void"},"notificationClear":{"runOnUiThread":false,"hasInvocation":false,"args":[],"apiName":"notificationClear","converter":"org.appcelerator.kroll.KrollConverter","defaultValueProvider":"org.appcelerator.kroll.KrollConverter","name":"__default_name__","returnType":"void"},"authenticate":{"runOnUiThread":false,"hasInvocation":false,"args":[{"converter":"org.appcelerator.kroll.KrollConverter","defaultValueProvider":"org.appcelerator.kroll.KrollConverter","name":"sessionToken","optional":false,"sourceName":"sessionToken","type":"java.lang.String"}],"apiName":"authenticate","converter":"org.appcelerator.kroll.KrollConverter","defaultValueProvider":"org.appcelerator.kroll.KrollConverter","name":"__default_name__","returnType":"void"},"start":{"runOnUiThread":false,"hasInvocation":false,"args":[],"apiName":"start","converter":"org.appcelerator.kroll.KrollConverter","defaultValueProvider":"org.appcelerator.kroll.KrollConverter","name":"__default_name__","returnType":"void"},"putValue":{"runOnUiThread":false,"hasInvocation":false,"args":[{"converter":"org.appcelerator.kroll.KrollConverter","defaultValueProvider":"org.appcelerator.kroll.KrollConverter","name":"key","optional":false,"sourceName":"key","type":"java.lang.String"},{"converter":"org.appcelerator.kroll.KrollConverter","defaultValueProvider":"org.appcelerator.kroll.KrollConverter","name":"value","optional":false,"sourceName":"value","type":"java.lang.Object"}],"apiName":"putValue","converter":"org.appcelerator.kroll.KrollConverter","defaultValueProvider":"org.appcelerator.kroll.KrollConverter","name":"__default_name__","returnType":"void"},"enablePush":{"runOnUiThread":false,"hasInvocation":false,"args":[],"apiName":"enablePush","converter":"org.appcelerator.kroll.KrollConverter","defaultValueProvider":"org.appcelerator.kroll.KrollConverter","name":"__default_name__","returnType":"void"},"getCurrentInstallationId":{"runOnUiThread":false,"hasInvocation":false,"args":[],"apiName":"getCurrentInstallationId","converter":"org.appcelerator.kroll.KrollConverter","defaultValueProvider":"org.appcelerator.kroll.KrollConverter","name":"__default_name__","returnType":"java.lang.String"},"registerToken":{"runOnUiThread":false,"hasInvocation":false,"args":[{"converter":"org.appcelerator.kroll.KrollConverter","defaultValueProvider":"org.appcelerator.kroll.KrollConverter","name":"token","sourceName":"token","type":"java.lang.String"}],"apiName":"registerToken","converter":"org.appcelerator.kroll.KrollConverter","defaultValueProvider":"org.appcelerator.kroll.KrollConverter","name":"__default_name__","returnType":"void"},"getObjectId":{"runOnUiThread":false,"hasInvocation":false,"args":[],"apiName":"getObjectId","converter":"org.appcelerator.kroll.KrollConverter","defaultValueProvider":"org.appcelerator.kroll.KrollConverter","name":"__default_name__","returnType":"java.lang.String"}},"superProxyBindingClassName":"org.appcelerator.kroll.KrollModuleBindingGen","proxyClassName":"ParseModule","proxyAttrs":{"propertyAccessors":[],"fullAPIName":"Parse","name":"Parse","proxyClassName":"eu.rebelcorp.parse.ParseModule","isTopLevel":false,"id":"eu.rebelcorp.parse"},"packageName":"eu.rebelcorp.parse","sourceName":"eu.rebelcorp.parse.ParseModuleBindingGen","isTitaniumSdk":false,"superProxyClassName":"KrollModule","isModule":true,"genClassName":"ParseModuleBindingGen","onAppCreate":"onAppCreate"}},"modules":{"eu.rebelcorp.parse.ParseModule":{"apiName":"Parse"}}}